[
    {
        "id" : 0,
        "name" : "Devstories from google",
        "source" : "https://www.html5rocks.com/en/tutorials/video/basics/devstories.mp4",
        "duration" : "4:34",
        "img" : "https://lonelyplanetstatic.imgix.net/op-video-sync/images/production/p-5810396717001-brightcove-when-to-go-to-the-azores-20180726-050333.jpg?w=160&h=90&sharp=10&q=50"
    },{
       "id" : 1,
        "name" : "Vida marina - Oceano",
        "source" : "http://mirrors.standaloneinstaller.com/video-sample/jellyfish-25-mbps-hd-hevc.mp4",
        "duration" : "4:34",
        "img" : "https://lonelyplanetstatic.imgix.net/op-video-sync/images/production/p-5810396717001-brightcove-when-to-go-to-the-azores-20180726-050333.jpg?w=160&h=90&sharp=10&q=50"   
    },{
        "id":2,
        "name" : "Profundidades del oceano",
        "source" : "http://thenewcode.com/assets/videos/ocean-small.mp4",
        "duration" : "1:34",
        "img" : "https://lonelyplanetstatic.imgix.net/op-video-sync/images/production/p-5810396717001-brightcove-when-to-go-to-the-azores-20180726-050333.jpg?w=160&h=90&sharp=10&q=50"
    },{
        "id": 3,
        "name" : "Lo angeles timelapse",
        "source" : "http://thenewcode.com/assets/videos/downtown-los-angeles.mp4",
        "duration" : "3:34",
        "img" : "https://lonelyplanetstatic.imgix.net/op-video-sync/images/production/p-5810396717001-brightcove-when-to-go-to-the-azores-20180726-050333.jpg?w=160&h=90&sharp=10&q=50"
    },{
        "id" : 4,
        "name" : "Panasonic test video HD",
        "source" : "http://mirrors.standaloneinstaller.com/video-sample/Panasonic_HDC_TM_700_P_50i.mp4",
        "duration" : "2:34",
        "img" : "https://lonelyplanetstatic.imgix.net/op-video-sync/images/production/p-5810396717001-brightcove-when-to-go-to-the-azores-20180726-050333.jpg?w=160&h=90&sharp=10&q=50"
    }]